1,EOS 5D Mark2,1,9e9fa884-a3b6-4ce0-a9fe-ee9afefd88a9.jpg,"",2
2,EOS 5D Mark3,1,none.jpg,,2
3,EOS 5D Mark4,1,none.jpg,,2
4,EOS 7D Mark2,1,none.jpg,,1
5,Lumix DC-GH5S,1,none.jpg,,1
6,ILME-FX3_Pack1,1,none.jpg,,6
7,ILME-FX3_Pack2,1,none.jpg,,6
8,BMPCC 4K,1,none.jpg,,2
9,EOS 650D,1,none.jpg,,15
10,EOS 700D,1,none.jpg,,15
11,EOS 200DⅡ,1,none.jpg,,10
12,ILCE-7M4 (A7M4),1,none.jpg,,2
13,PMW-200,1,none.jpg,,25
14,카메라,1,none.jpg,,3
15,PXW-Z190,1,none.jpg,,3
16,PXW-Z280,1,none.jpg,,4
17,PXW-X70,1,none.jpg,,8
18,PXW-Z90,1,none.jpg,,15
19,PXW-FS5,1,none.jpg,,2
20,RED KOMODO 6K,1,none.jpg,,1
21,RED Scarlet-W,1,none.jpg,,1
22,Cannon 24-70,2,none.jpg,,5
23,Cannon 16-35,2,none.jpg,,3
24,Cannon 28-135,2,none.jpg,,2
25,Cannon 24-105,2,none.jpg,,2
26,Cannon 70-200,2,none.jpg,,3
27,Sigma 70-300,2,none.jpg,,1
28,Cannon 50mm,2,none.jpg,,1
29,Sony 24-70,2,none.jpg,,6
30,Sony 50mm,2,none.jpg,,4
31,Sony 70-200,2,none.jpg,,4
32,Sony 24-105,2,none.jpg,,2
33,메타본즈 EF to E,2,none.jpg,,6
34,Xeen Lenz set,2,none.jpg,,2
35,ACE M GS,3,none.jpg,,20
36,DSV-55,3,none.jpg,,20
37,DSV-50,3,none.jpg,,0
38,650DV,3,none.jpg,,15
39,18P,3,none.jpg,,4
40,baby,3,none.jpg,,1
41,hihat,3,none.jpg,,1
42,DV8,3,none.jpg,,1
43,Ronin S,4,none.jpg,,1
44,Ronin S3,4,none.jpg,,1
45,DJI RS3 PRO COMBO,4,none.jpg,,2
46,DJI 무선 팔로우 포커스,4,none.jpg,,1
47,COSMO C1,4,none.jpg,,1
48,로닌2,4,none.jpg,,1
49,로닌1,4,none.jpg,,1
50,Mars 400s Pro,4,none.jpg,,1
51,Filter Box,4,none.jpg,,1
52,화이트/백포커스 판,4,none.jpg,,1
53,숄더리그,4,none.jpg,,1
54,Flex Tally system(8ch),4,none.jpg,,1
55,그레이 스케일 차트,4,none.jpg,,1
56,Short BNC,4,none.jpg,,0
57,Gopro7,5,none.jpg,,2
58,Gopro MAX 360,5,none.jpg,,2
59,insta360 pro 2,5,none.jpg,,2
60,OSMO & Z-AXIS,5,none.jpg,,2
61,OSMO &  Mobile,5,none.jpg,,2
62,오즈모 포켓,5,none.jpg,,5
63,Meta Quest 2,5,none.jpg,,7
64,T265 Tracking Camera,6,none.jpg,,6
65,ZED 2i Stereo Camera,6,none.jpg,,2
66,Atem television studio pro 4k,7,none.jpg,,1
67,Atem television studio pro HD,7,none.jpg,,2
68,Atem Mini Pro,7,none.jpg,,8
69,HS-2800,7,none.jpg,,1
70,HS-3200,7,none.jpg,,2
71,Mini Converter sdi distribution,8,none.jpg,,3
72,Mini Converter sdi to hdmi,8,none.jpg,,3
73,Mini Converter sdi to audio,8,none.jpg,,2
74,micro converter sdi to hdmi,8,none.jpg,,4
75,micro converter hdmi to sdi,8,none.jpg,,2
76,micro converter Bidirectional,8,none.jpg,,5
77,HyperDeck Studio Pro 2,9,none.jpg,,1
78,HyperDeck Studio,9,none.jpg,,1
79,HyperDeck Shuttle,9,none.jpg,,3
80,SSD 256GB,9,none.jpg,,5
81,SSD 128GB,9,none.jpg,,5
82,SSD 리더기,9,none.jpg,,5
83,송출컴,10,none.jpg,,3
84,송출용 모니터,10,none.jpg,,3
85,Stream Deck,10,none.jpg,,4
86,VidiU Pro,10,none.jpg,,2
87,VidiU X,10,none.jpg,,3
88,FT900S 1SET = 5EA / 1SET = 4EA,11,none.jpg,,2
89,IT-2401 1 SET = 4EA,11,none.jpg,,2
90,CP1300 1 SET = 4EA / 1 SET = 2EA,12,none.jpg,,2
91,MAVIC COMBO 1,13,none.jpg,,1
92,MAVIC pro 2,13,none.jpg,,1
93,MINI 3 Pro,13,none.jpg,,4
94,스파크,13,none.jpg,,2
95,인스파이어 2,13,none.jpg,,2
96,팬텀4,13,none.jpg,,6
97,매트릭스600,13,none.jpg,,2
98,연습용드론,13,none.jpg,,30
99,드론시뮬레이터,13,none.jpg,,38
100,17인치 BON 모니터,14,none.jpg,,10
101,LVG-170W,14,none.jpg,,1
102,블랙매직 4K 모니터,14,none.jpg,,2
103,F-7H,14,none.jpg,,2
104,VFM-058W,14,none.jpg,,2
105,NinjaBlade,14,none.jpg,,1
106,Video Assist,14,none.jpg,,2
107,VPL-CH370,14,none.jpg,,3
108,EB-L730U,14,none.jpg,,2
109,EB-700U,14,none.jpg,,3
110,VPL-PHZ10,14,none.jpg,,2
111,PT-MZ770,14,none.jpg,,2
112,PLC-XP100K,14,none.jpg,,0
113,프롬프터 SET ,14,none.jpg,,1
114,BAMBOO CTH-670,15,none.jpg,,3
115,ARRI Junior 650W,16,none.jpg,,4
116,ARRI 1KW (ARRI T1),16,none.jpg,,6
117,ARRI 2KW (ARRI T2),16,none.jpg,,3
118,ARRI 575 SYSTEM,16,none.jpg,,2
119,ARRI S30-C SKY PANEL,16,none.jpg,,1
120,DEDO DLH4 KIT,17,none.jpg,,1
121,LG-1200,18,none.jpg,,6
122,CL-800V,19,none.jpg,,10
123,KINO 2FT 2BANK,20,none.jpg,,0
124,KINO 4FT 2BANK,20,none.jpg,,0
125,KINO 4FT 4BANK,20,none.jpg,,0
126,KINO KIT-2NT-230,20,none.jpg,,0
127,Fomex D400,21,none.jpg,,2
128,Fomex E400,21,none.jpg,,2
129,LS-60X,22,none.jpg,,4
130,LS-300X,22,none.jpg,,4
131,LS-600C Pro,22,none.jpg,,2
132,MC Light 4Kit,22,none.jpg,,2
133,PavoTubeII 30X 8Kit ,23,none.jpg,,1
134,조도계,24,none.jpg,,2
135,색온도계,25,none.jpg,,2
136,노출계,25,none.jpg,,2
137,오토폴,25,none.jpg,,0
138,A 스탠드,26,none.jpg,,20
139,C 스탠드,26,none.jpg,,20
140,C 스탠드 암헤드,26,none.jpg,,15
141,콤보 스탠드,26,none.jpg,,7
142,숏 C 스탠드,26,none.jpg,,2
143,숏 콤보 스탠드,26,none.jpg,,2
144,스크림 18 * 24 Set,27,none.jpg,,2
145,스크림 24 * 36 Set,27,none.jpg,,3
146,슈퍼클램프,27,none.jpg,,4
147,포니클램프,27,none.jpg,,5
148,매슬리니,27,none.jpg,,2
149,RX-1 무선동조기,27,none.jpg,,1
150,HONDA EU20i (2kw 발전기),28,none.jpg,,0
151,나무집게,28,none.jpg,,18
152,반사판,28,none.jpg,,4
153,샌드,28,none.jpg,,8
154,Light Dome 2,22,none.jpg,,4
155,Lantern 90,22,none.jpg,,2
156,PavoTubeII T12,23,none.jpg,,8
157,PavoTubeII DMX Kit,23,none.jpg,,8
158,DOMINO 48U,29,none.jpg,,2
159,grandMA2 Light,29,none.jpg,,1
160,MA2 Command Wing,29,none.jpg,,2
161,T2 (MA2 Light 카피),29,none.jpg,,2
162,DMX 3Pin SPLITTER 1:8 2EA,30,none.jpg,,1
163,PPL-BS280A,31,none.jpg,,12
164,PPL-300BSW-A,32,none.jpg,,8
165,SIRIUS 8500,33,none.jpg,,12
166,ML-1225,33,none.jpg,,12
167,ERA600,34,none.jpg,,8
168,PPL-PW360W,35,none.jpg,,12
169,CM 350Z Ⅱ,35,none.jpg,,12
170,Moving LED Par 102,35,none.jpg,,6
171,KL PANEL,36,none.jpg,,12
172,Dray 440F,37,none.jpg,,2
173,HZ 500,38,none.jpg,,3
174,HZ 400,38,none.jpg,,1
175,DNG 200,38,none.jpg,,1
176,Fresnel 1KW,39,none.jpg,,6
177,Source Four 15-30,40,none.jpg,,8
178,Source Four 25-50,40,none.jpg,,8
179,PAR64,41,none.jpg,,28
354,adsfasdf,1,b9f57eb0-b5e9-4408-b80c-d3d819cdefc2.jpg,adfasf,11
